Player;Tm;2018-19;2019-20;2020-2021;2021-2022;2022-2023;2023-2024;Signed Using;Guaranteed
Stephen Curry;GSW;$37,457,154;$40,231,758;$43,006,362;$45,780,966;;;Bird Rights;$166,476,240
Chris Paul;HOU;$35,654,150;$38,506,482;$41,358,814;$44,211,146;;;;$159,730,592
Russell Westbrook;OKC;$35,654,150;$38,178,000;$41,006,000;$43,848,000;$46,662,000;;Bird Rights;$158,686,150
LeBron James;LAL;$35,654,150;$37,436,858;$39,219,565;$41,002,273;;;;$113,310,573
Blake Griffin;DET;$32,088,932;$34,234,964;$36,595,996;$38,957,028;;;Bird Rights;$102,919,892
Gordon Hayward;BOS;$31,214,295;$32,700,690;$34,187,085;;;;Cap space;$63,914,985
Kyle Lowry;TOR;$31,200,000;$33,296,296;;;;;Bird Rights;$64,496,296
Paul George;OKC;$30,560,700;$33,005,556;$35,450,412;$37,895,268;;;Maximum Salary;$99,016,668
Mike Conley;MEM;$30,521,116;$32,511,623;$34,504,132;;;;Cap Space;$85,459,122
James Harden;HOU;$30,431,854;$37,800,000;$40,824,000;$43,848,000;$46,872,000;;Bird Rights;$152,903,854
Kevin Durant;GSW;$30,000,000;$31,500,000;;;;;;$30,000,000
Paul Millsap;DEN;$29,730,769;$30,500,000;;;;;Cap space;$29,730,769
Al Horford;BOS;$28,928,710;$30,123,015;;;;;Cap Space;$28,928,710
Damian Lillard;POR;$27,977,689;$29,802,321;$31,626,953;;;;1st Round Pick;$89,406,963
DeMar DeRozan;SAS;$27,739,975;$27,739,975;$27,739,975;;;;Cap Space;$55,479,950
Chris Bosh;MIA;$26,837,720;;;;;;;$26,837,720
Otto Porter;WAS;$26,011,913;$27,250,576;$28,489,239;;;;Bird Rights;$53,262,489
Jrue Holiday;NOP;$25,976,111;$26,131,111;$26,131,111;$27,020,000;;;Bird Rights;$78,238,333
CJ McCollum;POR;$25,759,766;$27,556,959;$29,354,152;;;;1st Round Pick;$82,670,877
Carmelo Anthony;ATL;$25,534,253;;;;;;;$25,534,253
Andrew Wiggins;MIN;$25,467,250;$27,270,000;$29,290,000;$31,310,000;$33,330,000;;1st Round Pick;$146,667,250
Joel Embiid;PHI;$25,467,250;$27,270,000;$29,290,000;$31,310,000;$33,330,000;;1st Round Pick;$25,467,250
Bradley Beal;WAS;$25,434,263;$27,093,019;$28,751,775;;;;Cap Space;$81,279,057
Anthony Davis;NOP;$25,434,263;$27,093,019;$28,751,775;;;;1st Round Pick;$52,527,282
Andre Drummond;DET;$25,434,263;$27,093,019;$28,751,775;;;;Cap Space;$52,527,282
Hassan Whiteside;MIA;$25,434,263;$27,093,018;;;;;Cap Space;$25,434,263
Nikola Jokic;DEN;$24,605,181;$27,504,630;$29,542,010;$31,579,390;;;;$146,847,981
Steven Adams;OKC;$24,157,304;$25,842,697;$27,528,090;;;;1st Round Pick;$77,528,091
Giannis Antetokounmpo;MIL;$24,157,304;$25,842,697;$27,528,090;;;;1st Round Pick;$77,528,091
Kevin Love;CLE;$24,119,025;$28,900,000;$31,300,000;$31,300,000;$28,900,000;;Bird Rights;$144,519,025
Marc Gasol;MEM;$24,119,025;$25,595,700;;;;;Bird Rights;$24,119,025
Chandler Parsons;MEM;$24,107,258;$25,102,511;;;;;Cap Space;$49,209,769
Harrison Barnes;DAL;$24,107,258;$25,102,512;;;;;Cap Space;$24,107,258
Nicolas Batum;CHO;$24,000,000;$25,565,217;$27,130,434;;;;Cap Space;$49,565,217
Rudy Gobert;UTA;$23,241,573;$25,008,427;$26,525,281;;;;1st Round Pick;$74,775,281
Kawhi Leonard;TOR;$23,114,067;$21,329,752;;;;;Bird Rights;$23,114,067
DeAndre Jordan;DAL;$22,900,000;;;;;;;$22,900,000
LaMarcus Aldridge;SAS;$22,347,015;$26,000,000;$24,000,000;;;;Cap Space;$55,347,015
Serge Ibaka;TOR;$21,666,667;$23,271,604;;;;;Cap space;$44,938,271
Aaron Gordon;ORL;$21,590,909;$19,863,636;$18,136,364;$16,409,091;;;;$76,000,000
Danilo Gallinari;LAC;$21,587,579;$22,615,559;;;;;Sign and Trade;$44,203,138
Victor Oladipo;IND;$21,000,000;$21,000,000;$21,000,000;;;;1st Round Pick;$63,000,000
Jimmy Butler;PHI;$20,445,779;$19,841,627;;;;;Bird Rights;$20,445,779
Ryan Anderson;PHO;$20,421,546;$15,600,000;;;;;Cap Space;$36,021,546
Kyrie Irving;BOS;$20,099,189;$21,329,750;;;;;Bird Rights;$20,099,189
Jabari Parker;CHI;$20,000,000;$20,000,000;;;;;;$20,000,000
Zach LaVine;CHI;$19,500,000;$19,500,000;$19,500,000;$19,500,000;;;;$78,000,000
Tyler Johnson;MIA;$19,245,370;$19,245,370;;;;;Cap Space;$19,245,370
John Wall;WAS;$19,169,800;$37,800,000;$40,824,000;$43,848,000;$46,872,000;;Bird Rights;$141,641,800
George Hill;MIL;$19,000,000;$18,000,000;;;;;Cap space;$20,000,000
Jeff Teague;MIN;$19,000,000;$19,000,000;;;;;Cap space;$19,000,000
Klay Thompson;GSW;$18,988,725;;;;;;1st Round Pick;$18,988,725
Dwight Howard;BRK;$18,919,725;;;;;;;$18,919,725
Enes Kanter;NYK;$18,622,514;;;;;;Bird Rights;$18,622,514
Wesley Matthews;DAL;$18,622,514;;;;;;Cap Space;$18,622,514
Joakim Noah;NYK;$18,530,000;$6,431,666;$6,431,666;$6,431,666;;;;$37,824,998
Allen Crabbe;BRK;$18,500,000;$18,500,000;;;;;Cap Space;$18,500,000
Goran Dragic;MIA;$18,109,175;$19,217,900;;;;;Bird Rights;$18,109,175
Kent Bazemore;ATL;$18,089,887;$19,269,662;;;;;Cap Space;$18,089,887
Evan Turner;POR;$17,868,852;$18,606,557;;;;;Cap Space;$36,475,409
Draymond Green;GSW;$17,469,565;$18,539,130;;;;;Bird Rights;$36,008,695
Tristan Thompson;CLE;$17,469,565;$18,539,130;;;;;Bird Rights;$36,008,695
Tim Hardaway;NYK;$17,325,000;$18,150,000;$18,975,000;;;;Cap space;$35,475,000
Reggie Jackson;DET;$17,043,478;$18,086,956;;;;;Bird Rights;$35,130,434
Evan Fournier;ORL;$17,000,000;$17,000,000;$17,000,000;;;;Cap Space;$34,000,000
Bismack Biyombo;CHO;$17,000,000;$17,000,000;;;;;Cap Space;$17,000,000
Derrick Favors;UTA;$16,900,000;$16,900,000;;;;;;$16,000,000
Pau Gasol;SAS;$16,800,000;$16,000,000;;;;;;$23,500,000
Jonas Valanciunas;TOR;$16,539,326;$17,617,977;;;;;1st Round Pick;$16,539,326
Gary Harris;DEN;$16,517,857;$17,839,286;$19,160,714;$20,482,143;;;1st Round Pick;$74,000,000
Andre Iguodala;GSW;$16,000,000;$17,185,185;;;;;Bird Rights;$33,185,185
Timofey Mozgov;ORL;$16,000,000;$16,720,000;;;;;Cap Space;$32,720,000
Ian Mahinmi;WAS;$15,944,154;$15,450,051;;;;;Cap Space;$31,394,205
Dennis Schroder;OKC;$15,500,000;$15,500,000;$15,500,000;;;;1st Round Pick;$46,500,000
DeMarre Carroll;BRK;$15,400,000;;;;;;Cap Space;$15,400,000
Clint Capela;HOU;$15,293,104;$16,456,522;$17,500,000;$18,543,478;$19,586,957;;;$87,380,061
Gorgui Dieng;MIN;$15,170,787;$16,229,213;$17,287,640;;;;1st Round Pick;$48,687,640
Trevor Ariza;WAS;$15,000,000;;;;;;Cap Space;$15,000,000
Eric Bledsoe;MIL;$15,000,000;;;;;;Bird Rights;$15,000,000
Ricky Rubio;UTA;$14,975,000;;;;;;1st Round Pick;$14,975,000
Tobias Harris;LAC;$14,800,000;;;;;;Bird Rights;$14,800,000
J.R. Smith;CLE;$14,720,000;$15,680,000;;;;;Bird Rights;$18,590,000
James Johnson;MIA;$14,651,700;$15,349,400;$16,047,100;;;;Cap space;$30,001,100
Brandon Knight;HOU;$14,631,250;$15,643,750;;;;;;$30,275,000
Robin Lopez;CHI;$14,357,750;;;;;;Cap Space;$14,357,750
Luol Deng;LAL;$14,354,067;$4,990,000;$4,990,000;$4,990,000;;;;$29,324,067
Marvin Williams;CHO;$14,087,500;$15,006,250;;;;;Cap Space;$14,087,500
Taj Gibson;MIN;$14,000,000;;;;;;Cap space;$14,000,000
Jeremy Lin;ATL;$13,768,421;;;;;;Cap Space;$13,768,421
Thaddeus Young;IND;$13,764,045;;;;;;Bird Rights;$13,764,045
Kenneth Faried;BRK;$13,764,045;;;;;;1st Round Pick;$13,764,045
Tyson Chandler;PHO;$13,585,000;;;;;;;$13,585,000
Marcin Gortat;LAC;$13,565,218;;;;;;Bird Rights;$13,565,218
Cody Zeller;CHO;$13,528,090;$14,471,910;$15,415,730;;;;1st Round Pick;$43,415,730
Eric Gordon;HOU;$13,500,375;$14,057,730;;;;;Cap Space;$27,558,105
Joe Ingles;UTA;$13,045,455;$11,954,546;$10,863,637;;;;Bird Rights;$35,863,638
Khris Middleton;MIL;$13,000,000;$13,000,000;;;;;Bird Rights;$13,000,000
Michael Kidd-Gilchrist;CHO;$13,000,000;$13,000,000;;;;;1st Round Pick;$13,000,000
Mason Plumlee;DEN;$12,917,808;$14,041,096;;;;;Cap space;$26,958,904
Wilson Chandler;PHI;$12,800,562;;;;;;;$12,800,562
Nikola Vucevic;ORL;$12,750,000;;;;;;Bird Rights;$12,750,000
Austin Rivers;PHO;$12,650,000;;;;;;;$12,650,000
Jordan Clarkson;CLE;$12,500,000;$13,437,500;;;;;Cap Space;$25,937,500
Miles Plumlee;ATL;$12,500,000;$12,500,000;;;;;Bird Rights;$25,000,000
Nikola Mirotic;NOP;$12,500,000;;;;;;Cap space;$12,500,000
Tyreke Evans;IND;$12,400,000;;;;;;;$12,400,000
Courtney Lee;NYK;$12,253,780;$12,759,670;;;;;Cap Space;$25,013,450
Solomon Hill;NOP;$12,252,928;$13,258,781;;;;;Cap Space;$25,511,709
J.J. Redick;PHI;$12,250,000;;;;;;;$12,250,000
Kelly Olynyk;MIA;$12,137,527;$11,667,885;$12,198,243;;;;Cap space;$23,805,412
Kentavious Caldwell-Pope;LAL;$12,000,000;;;;;;;$12,000,000
Avery Bradley;LAC;$12,000,000;$12,960,000;;;;;;$12,000,000
Kemba Walker;CHO;$12,000,000;;;;;;1st Round Pick;$12,000,000
Will Barton;DEN;$11,830,358;$12,960,000;$13,920,000;$14,880,000;;;;$38,710,358
T.J. Warren;PHO;$11,750,000;$10,810,000;$11,750,000;$12,690,000;;;1st Round Pick;$47,000,000
Zach Randolph;SAC;$11,692,308;;;;;;Cap space;$11,692,308
Marcus Smart;BOS;$11,660,716;$12,553,471;$13,446,428;$14,339,285;;;;$51,999,900
Patty Mills;SAS;$11,571,429;$12,428,571;$13,285,714;;;;Bird Rights;$37,285,714
Dion Waiters;MIA;$11,550,000;$12,100,000;$12,650,000;;;;Cap space;$36,300,000
Alec Burks;CLE;$11,536,515;;;;;;1st Round Pick;$11,536,515
John Henson;CLE;$11,327,466;$9,732,396;;;;;1st Round Pick;$21,059,862
Omer Asik;CHI;$11,286,516;$3,000,000;;;;;;$14,286,516
Jusuf Nurkic;POR;$11,111,111;$12,000,000;$12,000,000;$12,000,000;;;;$39,111,111
Iman Shumpert;SAC;$11,011,234;;;;;;Bird Rights;$11,011,234
Maurice Harkless;POR;$10,837,079;$11,511,234;;;;;Cap Space;$22,348,313
Tony Snell;MIL;$10,607,143;$11,392,857;$12,178,571;;;;Cap space;$22,000,000
Meyers Leonard;POR;$10,595,506;$11,286,515;;;;;Cap Space;$21,882,021
Terrence Ross;ORL;$10,500,000;;;;;;Rookie scale extension;$10,500,000
Bojan Bogdanovic;IND;$10,500,000;;;;;;Cap space;$10,500,000
Robert Covington;MIN;$10,464,092;$11,301,219;$12,138,345;$12,975,471;;;Cap Space;$46,879,127
Rudy Gay;SAS;$10,087,200;;;;;;Non-Bird Rights;$10,087,200
Jon Leuer;DET;$10,002,681;$9,508,043;;;;;Cap Space;$19,510,724
Andre Roberson;OKC;$10,000,000;$10,740,741;;;;;Bird Rights;$20,740,741
Danny Green;TOR;$10,000,000;;;;;;Bird Rights;$10,000,000
Darren Collison;IND;$10,000,000;;;;;;Cap space;$10,000,000
Dwight Powell;DAL;$9,631,250;$10,259,375;;;;;Cap Space;$9,631,250
Matthew Dellavedova;CLE;$9,607,500;$9,607,500;;;;;Cap Space;$19,215,000
Dante Exum;UTA;$9,600,000;$9,600,000;$9,600,000;;;;Cap Space;$27,300,000
Jared Dudley;BRK;$9,530,000;;;;;;Cap Space;$9,530,000
Norman Powell;TOR;$9,367,200;$10,116,576;$10,865,952;$11,615,328;;;Cap Space;$30,349,728
Josh Richardson;MIA;$9,367,200;$10,100,000;$10,800,000;$11,600,000;;;Minimum Salary;$30,267,200
Bogdan Bogdanovic;SAC;$9,000,000;$8,529,386;;;;;Cap space;$17,529,386
Rajon Rondo;LAL;$9,000,000;;;;;;;$9,000,000
E'Twaun Moore;NOP;$8,808,685;$8,664,928;;;;;Cap Space;$17,473,613
Kosta Koufos;SAC;$8,739,500;;;;;;Cap Space;$8,739,500
Jerami Grant;OKC;$8,653,847;$9,346,153;$9,346,153;;;;;$18,000,000
Fred VanVleet;TOR;$8,653,847;$9,000,000;;;;;Bird Rights;$17,653,847
Kyle Anderson;MEM;$8,641,000;$9,073,050;$9,505,100;$9,937,150;;;MLE;$37,156,300
Julius Randle;NOP;$8,641,000;$9,073,050;;;;;MLE;$8,641,000
Markieff Morris;WAS;$8,600,000;;;;;;Bird Rights;$8,600,000
Jerryd Bayless;MIN;$8,575,916;;;;;;Cap Space;$8,575,916
Cristiano Felicio;CHI;$8,470,980;$8,156,500;$7,529,020;;;;Cap space;$24,156,500
Markelle Fultz;PHI;$8,339,880;$9,745,200;$12,288,697;;;;1st Round Pick;$18,085,080
Joe Harris;BRK;$8,333,333;$7,670,000;;;;;Early Bird Rights;$16,003,333
C.J. Miles;TOR;$8,333,333;$8,730,158;;;;;MLE;$8,333,333
Shaun Livingston;GSW;$8,307,692;$7,692,308;;;;;Bird Rights;$10,307,692
Deandre Ayton;PHO;$8,165,160;$9,562,920;$10,018,200;$12,632,950;;;1st Round Pick;$17,728,080
Lou Williams;LAC;$8,000,000;$8,000,000;$1,500,000;;;;Cap Space;$16,000,000
Garrett Temple;MEM;$8,000,000;;;;;;Cap Space;$8,000,000
P.J. Tucker;HOU;$7,969,537;$8,349,039;$7,969,537;;;;MLE;$18,887,764
Cory Joseph;IND;$7,945,000;;;;;;Cap Space;$7,945,000
JaMychal Green;MEM;$7,866,667;;;;;;Bird Rights;$7,866,667
Karl-Anthony Towns;MIN;$7,839,435;$27,250,000;$29,430,000;$31,610,000;$33,790,000;;1st round pick;$163,409,435
Kyle Korver;UTA;$7,560,000;$7,500,000;;;;;Bird Rights;$11,000,000
Jeremy Lamb;CHO;$7,488,372;;;;;;Rookie scale extension;$7,488,372
Darrell Arthur;PHO;$7,464,912;;;;;;;$7,464,912
Lonzo Ball;LAL;$7,461,960;$8,719,320;$11,003,782;;;;1st Round Pick;$16,181,280
Doug McDermott;IND;$7,333,334;$7,333,334;$7,333,333;;;;;$22,000,001
Jae Crowder;UTA;$7,305,825;$7,815,533;;;;;Bird Rights;$15,121,358
Marvin Bagley;SAC;$7,305,600;$8,556,120;$8,963,640;$11,312,114;;;1st Round Pick;$15,861,720
D.J. Augustin;ORL;$7,250,000;$7,250,000;;;;;Cap Space;$14,500,000
Dewayne Dedmon;ATL;$7,200,000;;;;;;Cap space;$7,200,000
Lance Thomas;NYK;$7,119,650;$7,583,975;;;;;Cap Space;$7,119,650
D'Angelo Russell;BRK;$7,019,698;;;;;;1st round pick;$7,019,698
Langston Galloway;DET;$7,000,000;$7,333,333;;;;;MLE;$14,333,333
Davis Bertans;SAS;$7,000,000;$7,000,000;;;;;Early Bird Rights;$14,000,000
Ersan Ilyasova;MIL;$7,000,000;$7,000,000;$7,000,000;;;;MLE;$14,000,000
Boban Marjanovic;LAC;$7,000,000;;;;;;Cap Space;$7,000,000
Al-Farouq Aminu;POR;$6,957,105;;;;;;Cap Space;$6,957,105
Jayson Tatum;BOS;$6,700,800;$7,830,000;$9,897,120;;;;1st Round Pick;$14,530,800
Luka Doncic;DAL;$6,560,640;$7,683,360;$8,049,360;$10,174,391;;;1st Round Pick;$14,244,000
Nemanja Bjelica;SAC;$6,500,000;$6,825,000;$7,150,000;;;;;$13,325,000
Mario Hezonja;NYK;$6,500,000;;;;;;MLE;$6,500,000
Ben Simmons;PHI;$6,434,520;$8,113,930;;;;;1st Round pick;$14,548,450
Milos Teodosic;LAC;$6,300,000;;;;;;MLE;$6,300,000
Wayne Ellington;MIA;$6,270,000;;;;;;;$6,270,000
Marco Belinelli;SAS;$6,153,846;$5,846,154;;;;;MLE;$12,000,000
Wesley Johnson;NOP;$6,134,520;;;;;;Cap Space;$6,134,520
Josh Jackson;PHO;$6,041,520;$7,059,480;$8,930,242;;;;1st Round Pick;$13,101,000
Montrezl Harrell;LAC;$6,000,000;$6,000,000;;;;;;$12,000,000
Jonathon Simmons;ORL;$6,000,000;$5,700,000;;;;;Cap space;$7,000,000
Ish Smith;DET;$6,000,000;;;;;;Cap Space;$6,000,000
Jaren Jackson;MEM;$5,915,040;$6,927,480;$7,257,360;$9,180,560;;;1st Round Pick;$12,842,520
Brandon Ingram;LAL;$5,757,120;$7,265,485;;;;;1st Round pick;$13,022,605
Anthony Tolliver;MIN;$5,750,000;;;;;;MLE;$5,750,000
Kristaps Porzingis;NYK;$5,697,054;;;;;;1st round pick;$5,697,054
Deron Williams;BRK;$5,474,787;$5,474,787;;;;;;$10,949,574
De'Aaron Fox;SAC;$5,470,920;$6,392,760;$8,099,627;;;;1st Round Pick;$11,863,680
Ben McLemore;SAC;$5,460,000;;;;;;MLE;$5,460,000
Alex Abrines;OKC;$5,455,236;;;;;;Cap Space;$5,455,236
Patrick Patterson;OKC;$5,451,600;$5,711,200;;;;;MLE;$5,451,600
Jason Smith;MIL;$5,450,000;;;;;;Cap Space;$5,450,000
Marcus Morris;BOS;$5,375,000;;;;;;Bird Rights;$5,375,000
Trae Young;ATL;$5,356,440;$6,273,000;$6,571,800;$8,326,471;;;1st Round Pick;$11,629,440
Dwight Howard;WAS;$5,337,000;$5,603,850;;;;;MLE;$5,337,000
DeMarcus Cousins;GSW;$5,337,000;;;;;;MLE;$5,337,000
Josh Smith;DET;$5,331,729;$5,331,729;;;;;;$10,663,458
Alexis Ajinca;LAC;$5,285,394;;;;;;;$5,285,394
Thabo Sefolosha;UTA;$5,250,000;;;;;;Cap space;$5,250,000
Aron Baynes;BOS;$5,193,600;$5,453,280;;;;;;$5,193,600
Jaylen Brown;BOS;$5,169,960;$6,534,829;;;;;1st Rd pick;$11,704,789
Patrick Beverley;LAC;$5,027,028;;;;;;Bird Rights;$5,027,028
Tony Parker;CHO;$5,000,000;$5,000,000;;;;;MLE;$10,000,000
Mike Muscala;PHI;$5,000,000;;;;;;Cap space;$5,000,000
Dirk Nowitzki;DAL;$5,000,000;;;;;;Cap Space;$5,000,000
Jonathan Isaac;ORL;$4,969,080;$5,806,440;$7,362,566;;;;1st Round Pick;$10,775,520
Mohamed Bamba;ORL;$4,865,040;$5,697,600;$5,969,040;$7,568,742;;;1st Round Pick;$24,100,422
Willie Cauley-Stein;SAC;$4,696,875;;;;;;1st round pick;$4,696,875
Dragan Bender;PHO;$4,661,280;;;;;;1st Round pick;$4,661,280
Ron Baker;NYK;$4,544,400;;;;;;;$4,544,400
Lauri Markkanen;CHI;$4,536,120;$5,300,400;$6,731,508;;;;1st Round Pick;$9,836,520
Lance Stephenson;LAL;$4,449,000;;;;;;;$4,449,000
Kyle O'Quinn;IND;$4,449,000;;;;;;Room Exception;$4,449,000
Ed Davis;BRK;$4,449,000;;;;;;Room Exception;$4,449,000
Wendell Carter;CHI;$4,441,200;$5,201,400;$5,448,840;$6,920,027;;;1st Round Pick;$9,642,600
Justin Holiday;MEM;$4,384,616;;;;;;MLE;$4,384,616
Alex Len;ATL;$4,350,000;$4,160,000;;;;;Room Exception;$8,510,000
Luc Mbah a Moute;LAC;$4,320,500;;;;;;MLE;$4,320,500
Mike Scott;LAC;$4,320,500;;;;;;MLE;$4,320,500
Emmanuel Mudiay;NYK;$4,294,480;;;;;;1st round pick;$4,294,480
Kris Dunn;CHI;$4,221,000;$5,348,007;;;;;1st Round pick;$9,569,007
Frank Ntilikina;NYK;$4,155,720;$4,855,800;$6,176,578;;;;1st Round Pick;$9,011,520
Glenn Robinson;DET;$4,075,000;$4,150,000;;;;;MLE;$4,075,000
Collin Sexton;CLE;$4,068,600;$4,764,960;$4,991,880;$6,349,671;;;1st Round Pick;$8,833,560
Al Jefferson;IND;$4,000,000;;;;;;;$4,000,000
Stanley Johnson;DET;$3,940,402;;;;;;1st round pick;$3,940,402
Buddy Hield;SAC;$3,833,760;$4,861,208;;;;;1st Round pick;$8,694,968
Dennis Smith;DAL;$3,819,960;$4,463,640;$5,686,677;;;;1st Round Pick;$8,283,600
Kevin Knox;NYK;$3,739,920;$4,380,120;$4,588,680;$5,845,978;;;1st Round Pick;$8,120,040
J.J. Barea;DAL;$3,710,850;;;;;;Cap Space;$3,710,850
Nene Hilario;HOU;$3,651,480;$3,825,360;;;;;Non-Bird Rights;$7,476,840
Zach Collins;POR;$3,628,920;$4,240,200;$5,406,255;;;;1st Round Pick;$7,869,120
Frank Kaminsky;CHO;$3,627,842;;;;;;1st round pick;$3,627,842
Mikal Bridges;PHO;$3,552,960;$4,161,000;$4,359,000;$5,557,725;;;1st Round Pick;$7,713,960
Mirza Teletovic;MIL;$3,500,000;$3,500,000;$3,500,000;;;;;$10,500,000
Michael Beasley;LAL;$3,500,000;;;;;;Room Exception;$3,500,000
Jamal Murray;DEN;$3,499,800;$4,444,746;;;;;1st Round pick;$7,944,546
Rodney Hood;CLE;$3,472,887;;;;;;;$3,472,887
Justise Winslow;MIA;$3,448,926;$13,000,000;$13,000,000;$13,000,000;;;1st round pick;$29,448,926
Malik Monk;CHO;$3,447,480;$4,028,400;$5,345,687;;;;1st Round Pick;$7,475,880
Myles Turner;IND;$3,410,284;$18,000,000;$18,000,000;$18,000,000;$18,000,000;;1st round pick;$75,410,284
Allonzo Trier;NYK;$3,382,000;$3,551,100;;;;;Bi-Annual Exception;$3,382,000
Brook Lopez;MIL;$3,382,000;;;;;;Bi-annual Exception;$3,382,000
Shai Gilgeous-Alexander;LAC;$3,375,360;$3,952,920;$4,141,320;$5,495,532;;;1st Round Pick;$7,328,280
Trey Lyles;DEN;$3,364,249;;;;;;1st round pick;$3,364,249
Ekpe Udoh;UTA;$3,360,000;;;;;;Room Exception;$3,360,000
Devin Booker;PHO;$3,314,365;$27,250,000;$29,430,000;$31,610,000;$33,790,000;;1st round pick;$161,314,365
Luke Kennard;DET;$3,275,280;$3,827,160;$5,273,826;;;;1st Round Pick;$7,102,440
Troy Daniels;PHO;$3,258,539;;;;;;Cap Space;$3,258,539
Kelly Oubre;PHO;$3,208,630;;;;;;1st round pick;$3,208,630
Miles Bridges;CHO;$3,206,640;$3,755,400;$3,934,320;$5,421,493;;;1st Round Pick;$6,962,040
Marquese Chriss;HOU;$3,206,160;;;;;;1st Rd pick;$3,206,160
Tomas Satoransky;WAS;$3,129,187;;;;;;Cap Space;$3,129,187
Bryn Forbes;SAS;$3,125,000;$2,875,000;;;;;Early Bird Rights;$6,000,000
Donovan Mitchell;UTA;$3,111,480;$3,635,760;$5,195,501;;;;1st Round Pick;$6,747,240
Terry Rozier;BOS;$3,050,390;;;;;;1st round pick;$3,050,390
Jerome Robinson;LAC;$3,046,200;$3,567,720;$3,737,520;$5,340,916;;;1st Round Pick;$6,613,920
Yogi Ferrell;SAC;$3,000,000;$3,150,000;;;;;Cap Space;$3,000,000
Elfrid Payton;NOP;$3,000,000;;;;;;Bi-annual Exception;$3,000,000
Bam Adebayo;MIA;$2,955,840;$3,454,080;$5,115,492;;;;1st Round Pick;$6,409,920
Jakob Poeltl;SAS;$2,947,320;$3,754,886;;;;;1st Round pick;$6,702,206
Michael Porter;DEN;$2,894,160;$3,389,400;$3,550,800;$5,258,735;;;1st Round Pick;$6,283,560
Andrew Nicholson;POR;$2,844,429;$2,844,429;$2,844,429;$2,844,429;$2,844,429;;;$17,066,574
Justin Jackson;SAC;$2,807,880;$3,280,920;$5,029,650;;;;1st Round Pick;$6,088,800
Thon Maker;MIL;$2,799,720;$3,569,643;;;;;1st Round pick;$6,369,363
Seth Curry;POR;$2,795,000;;;;;;MLE;$2,795,000
Cedi Osman;CLE;$2,775,000;$2,907,143;;;;;MLE;$5,682,143
Sam Dekker;WAS;$2,760,095;;;;;;1st Round pick;$2,760,095
Troy Brown;WAS;$2,749,080;$3,219,480;$3,372,840;$5,170,564;;;1st Round Pick;$5,968,560
Guerschon Yabusele;BOS;$2,667,600;$3,117,240;$4,781,846;;;;1st Round Pick;$5,784,840
Justin Patton;PHI;$2,667,600;;;;;;1st Round Pick;$2,667,600
Domantas Sabonis;IND;$2,659,800;$3,529,555;;;;;1st Round pick;$6,189,355
Jerian Grant;ORL;$2,639,314;;;;;;1st Round pick;$2,639,314
Zhaire Smith;PHI;$2,611,800;$3,058,800;$3,204,600;$4,915,856;;;1st Round Pick;$5,670,600
Delon Wright;TOR;$2,536,898;;;;;;1st Round pick;$2,536,898
D.J. Wilson;MIL;$2,534,280;$2,961,120;$4,548,280;;;;1st Round Pick;$5,495,400
Dario Saric;MIN;$2,526,840;$3,481,986;;;;;1st Round pick;$6,008,826
Taurean Waller-Prince;ATL;$2,526,840;$3,481,986;;;;;1st Round pick;$6,008,826
Justin Anderson;ATL;$2,516,048;;;;;;1st Round pick;$2,516,048
Manu Ginobili;SAS;$2,500,000;;;;;;;$2,500,000
Dante Cunningham;SAS;$2,500,000;;;;;;Bi-annual Exception;$2,500,000
Reggie Bullock;DET;$2,500,000;;;;;;Cap space;$2,500,000
Bobby Portis;CHI;$2,494,346;;;;;;1st Round pick;$2,494,346
Donte DiVincenzo;MIL;$2,481,000;$2,905,800;$3,044,160;$4,675,830;;;1st Round Pick;$5,386,800
Rondae Hollis-Jefferson;BRK;$2,470,357;;;;;;1st Round pick;$2,470,357
Tyus Jones;MIN;$2,444,053;;;;;;1st Round pick;$2,444,053
Jarell Martin;ORL;$2,416,222;;;;;;1st Round pick;$2,416,222
T.J. Leaf;IND;$2,407,560;$2,813,280;$4,326,825;;;;1st Round Pick;$5,220,840
Jeff Green;WAS;$2,393,887;;;;;;Minimum Salary;$2,393,887
Amir Johnson;PHI;$2,393,887;;;;;;Minimum Salary;$2,393,887
Raymond Felton;OKC;$2,393,887;;;;;;Minimum Salary;$2,393,887
Luol Deng;MIN;$2,393,887;;;;;;;$2,393,887
Udonis Haslem;MIA;$2,393,887;;;;;;Minimum Salary;$2,393,887
Dwyane Wade;MIA;$2,393,887;;;;;;Minimum Salary;$2,393,887
JaVale McGee;LAL;$2,393,887;;;;;;Minimum Salary;$2,393,887
Gerald Green;HOU;$2,393,887;;;;;;Minimum Salary;$2,393,887
Carmelo Anthony;HOU;$2,393,887;;;;;;Minimum Salary;$2,393,887
Zaza Pachulia;DET;$2,393,887;;;;;;Minimum Salary;$2,393,887
Jose Calderon;DET;$2,393,887;;;;;;Minimum Salary;$2,393,887
Devin Harris;DAL;$2,393,887;;;;;;Minimum Salary;$2,393,887
Channing Frye;CLE;$2,393,887;;;;;;Minimum Salary;$2,393,887
Vince Carter;ATL;$2,393,887;;;;;;Minimum Salary;$2,393,887
Jamal Crawford;PHO;$2,393,887;;;;;;;
Tyson Chandler;LAL;$2,393,887;;;;;;;
Lonnie Walker;SAS;$2,357,160;$2,760,480;$2,892,000;$4,447,896;;;1st Round Pick;$5,117,640
Jamal Crawford;ATL;$2,304,226;;;;;;;$2,304,226
John Collins;ATL;$2,299,080;$2,686,560;$4,137,302;;;;1st Round Pick;$4,985,640
Denzel Valentine;CHI;$2,280,600;$3,377,569;;;;;1st Round pick;$5,658,169
Larry Nance;CLE;$2,272,391;$12,727,273;$11,709,091;$10,690,909;$9,672,727;;1st Round pick;$47,072,391
Kevin Huerter;ATL;$2,250,960;$2,636,280;$2,761,920;$4,253,357;;;1st Round Pick;$4,887,240
Monta Ellis;IND;$2,245,400;$2,245,400;$2,245,400;$2,245,400;;;;$8,981,600
Harry Giles;SAC;$2,207,040;$2,578,800;$3,976,510;;;;1st Round Pick;$4,785,840
Darius Miller;NOP;$2,205,000;;;;;;MLE;$2,205,000
Derrick Rose;MIN;$2,176,260;;;;;;Minimum Salary;$2,176,260
Omri Casspi;MEM;$2,176,260;;;;;;Minimum Salary;$2,176,260
Juan Hernangomez;DEN;$2,166,360;$3,321,030;;;;;1st Round pick;$5,487,390
Greg Monroe;TOR;$2,165,481;;;;;;Minimum Salary;$2,165,481
Quincy Pondexter;SAS;$2,165,481;;;;;;;$2,165,481
Jonas Jerebko;GSW;$2,165,481;;;;;;Minimum Salary;$2,165,481
Josh Okogie;MIN;$2,160,720;$2,530,680;$2,651,040;$4,087,904;;;1st Round Pick;$4,691,400
Raul Neto;UTA;$2,150,000;$2,150,000;;;;;;$2,150,000
Matt Barnes;SAC;$2,133,542;$2,133,541;;;;;;$4,267,083
Terrance Ferguson;OKC;$2,118,840;$2,475,840;$3,944,013;;;;1st Round Pick;$4,594,680
Grayson Allen;UTA;$2,074,320;$2,429,400;$2,545,320;$4,054,695;;;1st Round Pick;$4,503,720
Jarrett Allen;BRK;$2,034,120;$2,376,840;$3,909,902;;;;1st Round Pick;$4,410,960
Shelvin Mack;MEM;$2,029,463;;;;;;Minimum Salary;$2,029,463
Isaiah Thomas;DEN;$2,029,463;;;;;;Minimum Salary;$2,029,463
Spencer Hawes;MIL;$2,007,058;$2,007,058;;;;;;$4,014,116
Georgios Papagiannis;SAC;$2,000,400;;;;;;;$2,000,400
Torrey Craig;DEN;$2,000,000;$2,100,000;;;;;MLE;$4,100,000
Chandler Hutchison;CHI;$1,991,520;$2,332,320;$2,443,440;$4,019,459;;;1st Round Pick;$4,323,840
OG Anunoby;TOR;$1,952,760;$2,281,800;$3,872,215;;;;1st Round Pick;$4,234,560
Ante Zizic;CLE;$1,952,760;$2,281,800;$3,872,215;;;;1st Round Pick;$4,234,560
Shabazz Napier;BRK;$1,942,422;$1,845,301;;;;;Cap Space;$1,942,422
Anderson Varejao;POR;$1,913,345;$1,913,345;$1,913,345;;;;;$5,740,035
Aaron Holiday;IND;$1,911,960;$2,239,200;$2,345,640;$3,980,551;;;1st Round Pick;$4,151,160
Tim Duncan;SAS;$1,881,250;;;;;;;$1,881,250
Tyler Lydon;DEN;$1,874,640;;;;;;1st Round Pick;$1,874,640
Larry Sanders;MIL;$1,865,547;$1,865,547;$1,865,547;$1,865,547;;;;$7,462,188
Henry Ellenson;DET;$1,857,480;;;;;;1st Round pick;$1,857,480
Anfernee Simons;POR;$1,835,520;$2,149,560;$2,252,040;$3,938,818;;;1st Round Pick;$3,985,080
Trey Burke;NYK;$1,795,015;;;;;;Minimum Salary;$1,795,015
Malik Beasley;DEN;$1,773,840;$2,731,714;;;;;1st Round pick;$4,505,554
Moritz Wagner;LAL;$1,762,080;$2,063,520;$3,893,618;$2,161,920;;;1st Round Pick;$3,825,600
Nerlens Noel;OKC;$1,757,429;$1,988,119;;;;;Minimum Salary;$1,757,429
Ian Clark;NOP;$1,757,429;;;;;;Minimum Salary;$1,757,429
Caleb Swanigan;POR;$1,740,000;$2,033,160;$3,665,787;;;;1st Round Pick;$3,773,160
Furkan Korkmaz;PHI;$1,740,000;;;;;;1st Round Pick;$1,740,000
Joakim Noah;MEM;$1,731,173;;;;;;;
Landry Shamet;PHI;$1,703,640;$1,995,120;$2,090,040;$3,768,342;;;1st Round Pick;$3,698,760
Caris LeVert;BRK;$1,702,800;$2,625,718;;;;;1st Round pick;$4,328,518
Jonah Bolden;PHI;$1,690,000;$1,698,450;$1,766,550;$1,845,000;;;;$3,388,450
Kyle Kuzma;LAL;$1,689,840;$1,974,600;$3,562,178;;;;1st Round Pick;$3,664,440
Tony Bradley;UTA;$1,679,520;$1,962,360;$3,542,060;;;;1st Round Pick;$3,641,880
Derrick White;SAS;$1,667,160;$1,948,080;$3,516,284;;;;1st Round Pick;$3,615,240
Spencer Dinwiddie;BRK;$1,656,092;$10,600,000;$11,400,000;$12,300,000;;;Minimum Salary;$23,656,092
MarShon Brooks;CHI;$1,656,092;;;;;;;$1,656,092
Josh Hart;LAL;$1,655,160;$1,934,160;$3,491,159;;;;1st Round Pick;$3,589,320
Robert Williams;BOS;$1,654,440;$1,937,520;$2,029,920;$3,661,976;;;1st Round Pick;$3,591,960
Jacob Evans;GSW;$1,644,240;$1,925,880;$2,017,320;$3,641,263;;;1st Round Pick;$3,570,120
Pat Connaughton;MIL;$1,641,000;$1,719,000;;;;;;$1,641,000
DeAndre' Bembry;ATL;$1,634,640;$2,603,982;;;;;1st Round pick;$4,238,622
Dzanan Musa;BRK;$1,632,240;$1,911,600;$2,002,800;$3,615,054;;;1st Round Pick;$3,543,840
Nik Stauskas;POR;$1,621,415;;;;;;Minimum Salary;$1,621,415
Noah Vonleh;NYK;$1,621,415;;;;;;Minimum Salary;$1,621,415
Tim Frazier;NOP;$1,621,415;;;;;;Minimum Salary;$1,621,415
James Ennis;HOU;$1,621,415;$1,845,301;;;;;;$1,621,415
Omari Spellman;ATL;$1,620,480;$1,897,800;$1,988,280;$3,588,845;;;1st Round Pick;$3,518,280
Luke Kornet;NYK;$1,619,000;;;;;;;$1,619,000
Rodions Kurucs;BRK;$1,618,320;$1,699,236;$1,780,152;$1,861,068;;;;$5,097,708
Richaun Holmes;PHO;$1,600,520;;;;;;Cap Space;$1,600,520
T.J. McConnell;PHI;$1,600,520;;;;;;Minimum Salary;$1,600,520
Malachi Richardson;TOR;$1,569,360;;;;;;1st Round pick;$1,569,360
Jahlil Okafor;NOP;$1,567,007;$1,702,486;;;;;Minimum Salary;$1,567,007
Kevon Looney;GSW;$1,567,007;;;;;;;$1,567,007
Salah Mejri;DAL;$1,567,007;;;;;;Minimum Salary;$1,567,007
Pascal Siakam;TOR;$1,544,951;$2,351,839;;;;;1st Round pick;$3,896,790
Skal Labissiere;SAC;$1,544,951;$2,338,847;;;;;1st Round pick;$3,883,798
Dejounte Murray;SAS;$1,544,951;$2,321,735;;;;;1st Round pick;$3,866,686
Damian Jones;GSW;$1,544,951;$2,305,057;;;;;1st Round pick;$3,850,008
Deyonta Davis;SAC;$1,544,951;;;;;;;$1,544,951
Wade Baldwin;POR;$1,544,951;;;;;;Minimum Salary;$1,544,951
Jake Layman;POR;$1,544,951;;;;;;Cap Space;$1,544,951
Timothe Luwawu-Cabarrot;OKC;$1,544,951;;;;;;1st Round pick;$1,544,951
Cheick Diallo;NOP;$1,544,951;;;;;;Minimum Salary;$1,544,951
Malcolm Brogdon;MIL;$1,544,951;;;;;;Cap Space;$1,544,951
Rodney McGruder;MIA;$1,544,951;;;;;;Minimum Salary;$1,544,951
Ivica Zubac;LAL;$1,544,951;;;;;;Cap Space;$1,544,951
Quinn Cook;GSW;$1,544,951;;;;;;;$1,544,951
Chinanu Onuaku;DAL;$1,544,951;;;;;;;$1,544,951
Dorian Finney-Smith;DAL;$1,544,951;;;;;;Minimum Salary;$1,544,951
Willy Hernangomez;CHO;$1,544,951;$1,701,735;;;;;Cap Space;$1,544,951
Wayne Selden;CHI;$1,544,951;;;;;;;$1,544,951
Georges Niang;UTA;$1,512,601;$1,645,357;$1,783,557;;;;;$1,512,601
Christian Wood;MIL;$1,512,601;;;;;;Minimum Salary;$1,512,601
Derrick Jones;MIA;$1,512,601;$1,645,357;;;;;Minimum Salary;$1,512,601
David Nwaba;CLE;$1,512,601;;;;;;Minimum Salary;$1,512,601
Treveon Graham;BRK;$1,512,601;$1,645,357;;;;;Minimum Salary;$1,512,601
Sviatoslav Mykhailiuk;LAL;$1,487,694;$1,416,852;$1,663,861;;;;Cap Space;$1,487,694
Mitchell Robinson;NYK;$1,485,440;$1,559,712;$1,663,861;$1,802,057;;;MLE;$3,045,152
Jordan Bell;GSW;$1,378,252;;;;;;Minimum Salary;$1,378,252
Frank Jackson;NOP;$1,378,242;$1,618,520;;;;;MLE;$1,884,242
Thomas Bryant;WAS;$1,378,242;;;;;;Minimum Salary;$1,378,242
Royce O'Neale;UTA;$1,378,242;$1,618,520;;;;;Cap space;$1,378,242
Frank Mason;SAC;$1,378,242;$1,618,520;;;;;;$1,378,242
Davon Reed;PHO;$1,378,242;;;;;;;$1,378,242
Wesley Iwundu;ORL;$1,378,242;$1,618,520;;;;;;$1,378,242
Khem Birch;ORL;$1,378,242;;;;;;Minimum Salary;$1,378,242
Abdel Nader;OKC;$1,378,242;$1,618,520;$1,752,950;;;;;$1,378,242
Damyean Dotson;NYK;$1,378,242;$1,618,520;;;;;Minimum Salary;$1,378,242
Sterling Brown;MIL;$1,378,242;$1,618,520;;;;;MLE;$1,378,242
Rade Zagorac;MEM;$1,378,242;;;;;;;$1,378,242
Ivan Rabb;MEM;$1,378,242;$1,618,520;;;;;MLE;$1,378,242
Dillon Brooks;MEM;$1,378,242;$1,618,520;;;;;MLE;$1,378,242
Jawun Evans;LAC;$1,378,242;;;;;;;$1,378,242
Sindarius Thornwell;LAC;$1,378,242;$1,618,520;;;;;MLE;$1,378,242
Ike Anigbogu;IND;$1,378,242;$1,618,520;;;;;Cap space;$1,378,242
Maxi Kleber;DAL;$1,378,242;;;;;;Minimum Salary;$1,378,242
Dwayne Bacon;CHO;$1,378,242;$1,618,520;;;;;MLE;$1,378,242
Semi Ojeleye;BOS;$1,378,242;$1,618,520;$1,752,950;;;;;$1,378,242
Daniel Theis;BOS;$1,378,242;;;;;;Minimum Salary;$1,378,242
Tyler Dorsey;ATL;$1,378,242;;;;;;Minimum Salary;$1,378,242
Kevin Martin;MIN;$1,360,304;;;;;;;$1,360,304
Monte Morris;DEN;$1,349,383;$1,588,231;$1,663,861;;;;Minimum Salary;$2,937,614
Antonio Blakeney;CHI;$1,349,383;$1,588,231;;;;;Minimum Salary;$2,937,614
Tyrone Wallace;LAC;$1,349,383;$1,588,231;;;;;Minimum Salary;$1,349,383
Alfonzo McKinnie;GSW;$1,349,383;$1,588,231;;;;;Minimum Salary;$1,349,383
Ryan Arcidiacono;CHI;$1,349,383;;;;;;Minimum Salary;$1,349,383
Jabari Bird;BOS;$1,349,383;$1,588,231;;;;;Minimum Salary;$1,349,383
Daniel Hamilton;ATL;$1,349,383;;;;;;Minimum Salary;$1,349,383
Shaquille Harrison;CHI;$1,311,265;;;;;;;$1,311,265
Elie Okobo;PHO;$1,238,464;$1,416,852;$1,663,861;$1,802,057;;;;$2,655,316
Jalen Brunson;DAL;$1,230,000;$1,416,582;$1,663,861;$1,802,057;;;Cap Space;$4,310,443
Michael Carter-Williams;CHI;$1,200,000;;;;;;;$1,200,000
Melvin Frazier;ORL;$1,050,000;$1,416,852;$1,663,861;;;;MLE;$2,466,852
Isaac Bonga;LAL;$1,000,000;$1,663,861;$1,416,852;;;;;$2,663,861
Justin Hamilton;TOR;$1,000,000;$1,000,000;;;;;;$2,000,000
Shelvin Mack;ORL;$1,000,000;;;;;;;$1,000,000
Kyle Singler;OKC;$999,200;$999,200;$999,200;$999,200;$999,200;;;$4,996,000
Devonte' Graham;CHO;$988,464;$1,416,852;$1,663,861;;;;MLE;$2,405,316
De'Anthony Melton;PHO;$949,000;$1,416,852;;;;;;$2,365,852
Jason Thompson;GSW;$945,126;;;;;;;$945,126
Chasson Randle;WAS;$869,094;;;;;;Minimum Salary;$869,094
Gary Trent;POR;$838,464;$1,416,852;$1,663,861;;;;MLE;$3,919,177
Hamidou Diallo;OKC;$838,464;$1,416,852;$1,663,861;;;;MLE;$2,255,316
Keita Bates-Diop;MIN;$838,464;$1,416,852;$1,663,861;;;;MLE;$2,255,316
Jevon Carter;MEM;$838,464;$1,416,852;;;;;MInimum Salary;$2,255,316
Bruce Brown;DET;$838,464;$1,416,852;$1,663,861;;;;MLE;$2,255,316
Jarred Vanderbilt;DEN;$838,464;$1,663,861;$1,416,852;;;;MLE;$2,255,316
Ray Spalding;DAL;$838,464;$1,416,852;$1,663,861;$1,802,057;;;Minimum Salary;$2,255,316
Khyri Thomas;DET;$838,464;$838,464;$1,663,861;;;;MLE;$1,676,928
Isaiah Briscoe;ORL;$838,464;$1,663,861;$838,464;;;;MLE;$1,338,464
Chimezie Metu;SAS;$838,464;;;;;;MLE;$838,464
Kenrich Williams;NOP;$838,464;$1,416,852;;;;;Minimum Salary;$838,464
Alize Johnson;IND;$838,464;$1,416,852;;;;;Minimum Salary;$838,464
Isaiah Hartenstein;HOU;$838,464;$1,416,852;$1,663,861;;;;MLE;$838,464
Ryan Broekhoff;DAL;$838,464;$1,443,842;;;;;;$838,464
Brad Wanamaker;BOS;$838,464;;;;;;Minimum Salary;$838,464
Isaiah Cousins;UTA;$838,464;;;;;;;
Martell Webster;WAS;$833,333;;;;;;;$833,333
Lorenzo Brown;TOR;$800,000;;;;;;;$800,000
Cole Aldrich;MIN;$685,341;$685,340;$685,340;;;;;$2,056,021
James Nunnally;MIN;$655,632;;;;;;;$655,632
Carlos Delfino;LAC;$650,000;;;;;;;$650,000
Caron Butler;SAC;$517,219;;;;;;;$517,219
Dakari Johnson;MEM;$459,414;$459,414;$459,414;;;;;$1,378,242
A.J. Hammons;MIA;$350,088;$350,087;$350,087;;;;;$1,050,262
Festus Ezeli;POR;$333,333;$333,333;;;;;;$666,666
C.J. Watson;ORL;$333,333;$333,333;;;;;;$666,666
Patrick McCaw;CLE;$323,529;;;;;;;$323,529
Miroslav Raduljica;LAC;$252,043;;;;;;;$252,043
Ron Baker;WAS;$170,915;;;;;;;$170,915
Troy Williams;HOU;$122,741;$122,741;$122,741;$122,741;$122,741;;;$613,705
Demetrius Jackson;BOS;$92,857;$92,857;$92,857;$92,857;$92,857;;;$557,142
Shaquille Harrison;PHO;$50,000;;;;;;;$50,000
Garlon Green;NOP;$50,000;;;;;;;$50,000
Troy Williams;NOP;$34,183;;;;;;;$34,183